model_version,factor_type,gender,enrollment_status,medicaid_status,orec,variable,label,factor_1,factor_2,coefficient
CMS-HCC-2020,Medicaid and Originally Disabled Interactions,,Continuing,Yes,Aged,Medicaid,,Medicaid,Aged,0
CMS-HCC-2020,Medicaid and Originally Disabled Interactions,,Continuing,Yes,Aged,Medicaid,,Medicaid,Aged,0
CMS-HCC-2020,Medicaid and Originally Disabled Interactions,,Continuing,Yes,Aged,Medicaid,,Medicaid,Aged,0
CMS-HCC-2020,Medicaid and Originally Disabled Interactions,,Continuing,Yes,Aged,Medicaid,,Medicaid,Aged,0
CMS-HCC-2020,Medicaid and Originally Disabled Interactions,,Continuing,Yes,Aged,Medicaid,,Medicaid,Aged,0
CMS-HCC-2020,Medicaid and Originally Disabled Interactions,,Continuing,Yes,Aged,Medicaid,,Medicaid,Aged,0
CMS-HCC-2020,Medicaid and Originally Disabled Interactions,,Continuing,Yes,Aged,Medicaid,,Medicaid,Aged,0.061
CMS-HCC-2020,Medicaid and Originally Disabled Interactions,Female,Continuing,Yes,Disabled,"Originally Disabled, Female",,Medicaid,Disabled,0.25
CMS-HCC-2020,Medicaid and Originally Disabled Interactions,Female,Continuing,Yes,Disabled,"Originally Disabled, Female",,Medicaid,Disabled,0
CMS-HCC-2020,Medicaid and Originally Disabled Interactions,Female,Continuing,Yes,Disabled,"Originally Disabled, Female",,Medicaid,Disabled,0.173
CMS-HCC-2020,Medicaid and Originally Disabled Interactions,Female,Continuing,Yes,Disabled,"Originally Disabled, Female",,Medicaid,Disabled,0
CMS-HCC-2020,Medicaid and Originally Disabled Interactions,Female,Continuing,Yes,Disabled,"Originally Disabled, Female",,Medicaid,Disabled,0.136
CMS-HCC-2020,Medicaid and Originally Disabled Interactions,Female,Continuing,Yes,Disabled,"Originally Disabled, Female",,Medicaid,Disabled,0
CMS-HCC-2020,Medicaid and Originally Disabled Interactions,Female,Continuing,Yes,Disabled,"Originally Disabled, Female",,Medicaid,Disabled,0
CMS-HCC-2020,Medicaid and Originally Disabled Interactions,Male,Continuing,Yes,Disabled,"Originally Disabled, Male",,Medicaid,Disabled,0.147
CMS-HCC-2020,Medicaid and Originally Disabled Interactions,Male,Continuing,Yes,Disabled,"Originally Disabled, Male",,Medicaid,Disabled,0
CMS-HCC-2020,Medicaid and Originally Disabled Interactions,Male,Continuing,Yes,Disabled,"Originally Disabled, Male",,Medicaid,Disabled,0.182
CMS-HCC-2020,Medicaid and Originally Disabled Interactions,Male,Continuing,Yes,Disabled,"Originally Disabled, Male",,Medicaid,Disabled,0
CMS-HCC-2020,Medicaid and Originally Disabled Interactions,Male,Continuing,Yes,Disabled,"Originally Disabled, Male",,Medicaid,Disabled,0.083
CMS-HCC-2020,Medicaid and Originally Disabled Interactions,Male,Continuing,Yes,Disabled,"Originally Disabled, Male",,Medicaid,Disabled,0
CMS-HCC-2020,Medicaid and Originally Disabled Interactions,Male,Continuing,Yes,Disabled,"Originally Disabled, Male",,Medicaid,Disabled,0
CMS-HCC-2020,Disabled Interactions,,Continuing,,Disabled,DISABLED_HCC85,Disabled & Congestive Heart Failure (HCC 85),Disabled,HCC85,0
CMS-HCC-2020,Disabled Interactions,,Continuing,,Disabled,DISABLED_HCC85,Disabled & Congestive Heart Failure (HCC 85),Disabled,HCC85,0
CMS-HCC-2020,Disabled Interactions,,Continuing,,Disabled,DISABLED_HCC85,Disabled & Congestive Heart Failure (HCC 85),Disabled,HCC85,0
CMS-HCC-2020,Disabled Interactions,,Continuing,,Disabled,DISABLED_HCC85,Disabled & Congestive Heart Failure (HCC 85),Disabled,HCC85,0
CMS-HCC-2020,Disabled Interactions,,Continuing,,Disabled,DISABLED_HCC85,Disabled & Congestive Heart Failure (HCC 85),Disabled,HCC85,0
CMS-HCC-2020,Disabled Interactions,,Continuing,,Disabled,DISABLED_HCC85,Disabled & Congestive Heart Failure (HCC 85),Disabled,HCC85,0
CMS-HCC-2020,Disabled Interactions,,Continuing,,Disabled,DISABLED_HCC85,Disabled & Congestive Heart Failure (HCC 85),Disabled,HCC85,0.279
CMS-HCC-2020,Disabled Interactions,,Continuing,,Disabled,DISABLED_PRESSURE_ULCER,Disabled & Pressure Ulcer (HCCs 157-159),Disabled,"HCC157, HCC158, HCC159",0
CMS-HCC-2020,Disabled Interactions,,Continuing,,Disabled,DISABLED_PRESSURE_ULCER,Disabled & Pressure Ulcer (HCCs 157-159),Disabled,"HCC157, HCC158, HCC159",0
CMS-HCC-2020,Disabled Interactions,,Continuing,,Disabled,DISABLED_PRESSURE_ULCER,Disabled & Pressure Ulcer (HCCs 157-159),Disabled,"HCC157, HCC158, HCC159",0
CMS-HCC-2020,Disabled Interactions,,Continuing,,Disabled,DISABLED_PRESSURE_ULCER,Disabled & Pressure Ulcer (HCCs 157-159),Disabled,"HCC157, HCC158, HCC159",0
CMS-HCC-2020,Disabled Interactions,,Continuing,,Disabled,DISABLED_PRESSURE_ULCER,Disabled & Pressure Ulcer (HCCs 157-159),Disabled,"HCC157, HCC158, HCC159",0
CMS-HCC-2020,Disabled Interactions,,Continuing,,Disabled,DISABLED_PRESSURE_ULCER,Disabled & Pressure Ulcer (HCCs 157-159),Disabled,"HCC157, HCC158, HCC159",0
CMS-HCC-2020,Disabled Interactions,,Continuing,,Disabled,DISABLED_PRESSURE_ULCER,Disabled & Pressure Ulcer (HCCs 157-159),Disabled,"HCC157, HCC158, HCC159",0.544
CMS-HCC-2020,Disabled Interactions,,Continuing,,Disabled,DISABLED_HCC161,"Disabled & Chronic Ulcer of the Skin, Except Pressure Ulcer (HCC 161)",Disabled,HCC161,0
CMS-HCC-2020,Disabled Interactions,,Continuing,,Disabled,DISABLED_HCC161,"Disabled & Chronic Ulcer of the Skin, Except Pressure Ulcer (HCC 161)",Disabled,HCC161,0
CMS-HCC-2020,Disabled Interactions,,Continuing,,Disabled,DISABLED_HCC161,"Disabled & Chronic Ulcer of the Skin, Except Pressure Ulcer (HCC 161)",Disabled,HCC161,0
CMS-HCC-2020,Disabled Interactions,,Continuing,,Disabled,DISABLED_HCC161,"Disabled & Chronic Ulcer of the Skin, Except Pressure Ulcer (HCC 161)",Disabled,HCC161,0
CMS-HCC-2020,Disabled Interactions,,Continuing,,Disabled,DISABLED_HCC161,"Disabled & Chronic Ulcer of the Skin, Except Pressure Ulcer (HCC 161)",Disabled,HCC161,0
CMS-HCC-2020,Disabled Interactions,,Continuing,,Disabled,DISABLED_HCC161,"Disabled & Chronic Ulcer of the Skin, Except Pressure Ulcer (HCC 161)",Disabled,HCC161,0
CMS-HCC-2020,Disabled Interactions,,Continuing,,Disabled,DISABLED_HCC161,"Disabled & Chronic Ulcer of the Skin, Except Pressure Ulcer (HCC 161)",Disabled,HCC161,0.473
CMS-HCC-2020,Disabled Interactions,,Continuing,,Disabled,DISABLED_HCC39,Disabled & Bone/Joint Muscle Infections/Necrosis (HCC 39),Disabled,HCC39,0
CMS-HCC-2020,Disabled Interactions,,Continuing,,Disabled,DISABLED_HCC39,Disabled & Bone/Joint Muscle Infections/Necrosis (HCC 39),Disabled,HCC39,0
CMS-HCC-2020,Disabled Interactions,,Continuing,,Disabled,DISABLED_HCC39,Disabled & Bone/Joint Muscle Infections/Necrosis (HCC 39),Disabled,HCC39,0
CMS-HCC-2020,Disabled Interactions,,Continuing,,Disabled,DISABLED_HCC39,Disabled & Bone/Joint Muscle Infections/Necrosis (HCC 39),Disabled,HCC39,0
CMS-HCC-2020,Disabled Interactions,,Continuing,,Disabled,DISABLED_HCC39,Disabled & Bone/Joint Muscle Infections/Necrosis (HCC 39),Disabled,HCC39,0
CMS-HCC-2020,Disabled Interactions,,Continuing,,Disabled,DISABLED_HCC39,Disabled & Bone/Joint Muscle Infections/Necrosis (HCC 39),Disabled,HCC39,0
CMS-HCC-2020,Disabled Interactions,,Continuing,,Disabled,DISABLED_HCC39,Disabled & Bone/Joint Muscle Infections/Necrosis (HCC 39),Disabled,HCC39,0.456
CMS-HCC-2020,Disabled Interactions,,Continuing,,Disabled,DISABLED_HCC77,Disabled & Multiple Sclerosis (HCC 77),Disabled,HCC77,0
CMS-HCC-2020,Disabled Interactions,,Continuing,,Disabled,DISABLED_HCC77,Disabled & Multiple Sclerosis (HCC 77),Disabled,HCC77,0
CMS-HCC-2020,Disabled Interactions,,Continuing,,Disabled,DISABLED_HCC77,Disabled & Multiple Sclerosis (HCC 77),Disabled,HCC77,0
CMS-HCC-2020,Disabled Interactions,,Continuing,,Disabled,DISABLED_HCC77,Disabled & Multiple Sclerosis (HCC 77),Disabled,HCC77,0
CMS-HCC-2020,Disabled Interactions,,Continuing,,Disabled,DISABLED_HCC77,Disabled & Multiple Sclerosis (HCC 77),Disabled,HCC77,0
CMS-HCC-2020,Disabled Interactions,,Continuing,,Disabled,DISABLED_HCC77,Disabled & Multiple Sclerosis (HCC 77),Disabled,HCC77,0
CMS-HCC-2020,Disabled Interactions,,Continuing,,Disabled,DISABLED_HCC77,Disabled & Multiple Sclerosis (HCC 77),Disabled,HCC77,0.496
CMS-HCC-2020,Disabled Interactions,,Continuing,,Disabled,DISABLED_HCC6,Disabled & Opportunistic Infections (HCC 6),Disabled,HCC6,0
CMS-HCC-2020,Disabled Interactions,,Continuing,,Disabled,DISABLED_HCC6,Disabled & Opportunistic Infections (HCC 6),Disabled,HCC6,0
CMS-HCC-2020,Disabled Interactions,,Continuing,,Disabled,DISABLED_HCC6,Disabled & Opportunistic Infections (HCC 6),Disabled,HCC6,0
CMS-HCC-2020,Disabled Interactions,,Continuing,,Disabled,DISABLED_HCC6,Disabled & Opportunistic Infections (HCC 6),Disabled,HCC6,0
CMS-HCC-2020,Disabled Interactions,,Continuing,,Disabled,DISABLED_HCC6,Disabled & Opportunistic Infections (HCC 6),Disabled,HCC6,0
CMS-HCC-2020,Disabled Interactions,,Continuing,,Disabled,DISABLED_HCC6,Disabled & Opportunistic Infections (HCC 6),Disabled,HCC6,0
CMS-HCC-2020,Disabled Interactions,,Continuing,,Disabled,DISABLED_HCC6,Disabled & Opportunistic Infections (HCC 6),Disabled,HCC6,0.405
CMS-HCC-2020,Disease Interactions,,Continuing,,,HCC47_gCancer,Immune Disorders (HCC 47) & Cancer (HCCs 8-12),HCC47,"HCC8, HCC9, HCC10, HCC11, HCC12",0.838
CMS-HCC-2020,Disease Interactions,,Continuing,,,HCC47_gCancer,Immune Disorders (HCC 47) & Cancer (HCCs 8-12),HCC47,"HCC8, HCC9, HCC10, HCC11, HCC12",0.46
CMS-HCC-2020,Disease Interactions,,Continuing,,,HCC47_gCancer,Immune Disorders (HCC 47) & Cancer (HCCs 8-12),HCC47,"HCC8, HCC9, HCC10, HCC11, HCC12",0.853
CMS-HCC-2020,Disease Interactions,,Continuing,,,HCC47_gCancer,Immune Disorders (HCC 47) & Cancer (HCCs 8-12),HCC47,"HCC8, HCC9, HCC10, HCC11, HCC12",0.679
CMS-HCC-2020,Disease Interactions,,Continuing,,,HCC47_gCancer,Immune Disorders (HCC 47) & Cancer (HCCs 8-12),HCC47,"HCC8, HCC9, HCC10, HCC11, HCC12",0.656
CMS-HCC-2020,Disease Interactions,,Continuing,,,HCC47_gCancer,Immune Disorders (HCC 47) & Cancer (HCCs 8-12),HCC47,"HCC8, HCC9, HCC10, HCC11, HCC12",0.601
CMS-HCC-2020,Disease Interactions,,Continuing,,,HCC47_gCancer,Immune Disorders (HCC 47) & Cancer (HCCs 8-12),HCC47,"HCC8, HCC9, HCC10, HCC11, HCC12",0
CMS-HCC-2020,Disease Interactions,,Continuing,,,Diabetes_CHF,Congestive Heart Failure (HCC 85) & Diabetes (HCCs 17-19),HCC85,"HCC17, HCC18, HCC19",0.121
CMS-HCC-2020,Disease Interactions,,Continuing,,,Diabetes_CHF,Congestive Heart Failure (HCC 85) & Diabetes (HCCs 17-19),HCC85,"HCC17, HCC18, HCC19",0.024
CMS-HCC-2020,Disease Interactions,,Continuing,,,Diabetes_CHF,Congestive Heart Failure (HCC 85) & Diabetes (HCCs 17-19),HCC85,"HCC17, HCC18, HCC19",0.192
CMS-HCC-2020,Disease Interactions,,Continuing,,,Diabetes_CHF,Congestive Heart Failure (HCC 85) & Diabetes (HCCs 17-19),HCC85,"HCC17, HCC18, HCC19",0.043
CMS-HCC-2020,Disease Interactions,,Continuing,,,Diabetes_CHF,Congestive Heart Failure (HCC 85) & Diabetes (HCCs 17-19),HCC85,"HCC17, HCC18, HCC19",0.113
CMS-HCC-2020,Disease Interactions,,Continuing,,,Diabetes_CHF,Congestive Heart Failure (HCC 85) & Diabetes (HCCs 17-19),HCC85,"HCC17, HCC18, HCC19",0
CMS-HCC-2020,Disease Interactions,,Continuing,,,Diabetes_CHF,Congestive Heart Failure (HCC 85) & Diabetes (HCCs 17-19),HCC85,"HCC17, HCC18, HCC19",0.169
CMS-HCC-2020,Disease Interactions,,Continuing,,,CHF_gCopdCF,Congestive Heart Failure (HCC 85) & Chronic Obstructive Pulmonary Disease (HCCs 110-112),HCC85,"HCC110, HCC111, HCC112",0.155
CMS-HCC-2020,Disease Interactions,,Continuing,,,CHF_gCopdCF,Congestive Heart Failure (HCC 85) & Chronic Obstructive Pulmonary Disease (HCCs 110-112),HCC85,"HCC110, HCC111, HCC112",0.121
CMS-HCC-2020,Disease Interactions,,Continuing,,,CHF_gCopdCF,Congestive Heart Failure (HCC 85) & Chronic Obstructive Pulmonary Disease (HCCs 110-112),HCC85,"HCC110, HCC111, HCC112",0.23
CMS-HCC-2020,Disease Interactions,,Continuing,,,CHF_gCopdCF,Congestive Heart Failure (HCC 85) & Chronic Obstructive Pulmonary Disease (HCCs 110-112),HCC85,"HCC110, HCC111, HCC112",0.154
CMS-HCC-2020,Disease Interactions,,Continuing,,,CHF_gCopdCF,Congestive Heart Failure (HCC 85) & Chronic Obstructive Pulmonary Disease (HCCs 110-112),HCC85,"HCC110, HCC111, HCC112",0.158
CMS-HCC-2020,Disease Interactions,,Continuing,,,CHF_gCopdCF,Congestive Heart Failure (HCC 85) & Chronic Obstructive Pulmonary Disease (HCCs 110-112),HCC85,"HCC110, HCC111, HCC112",0.141
CMS-HCC-2020,Disease Interactions,,Continuing,,,CHF_gCopdCF,Congestive Heart Failure (HCC 85) & Chronic Obstructive Pulmonary Disease (HCCs 110-112),HCC85,"HCC110, HCC111, HCC112",0.191
CMS-HCC-2020,Disease Interactions,,Continuing,,,HCC85_gRenal_v24,Congestive Heart Failure (HCC 85) & Renal (HCCs 134-138),HCC85,"HCC134, HCC135, HCC136, HCC137, HCC138",0.156
CMS-HCC-2020,Disease Interactions,,Continuing,,,HCC85_gRenal_v24,Congestive Heart Failure (HCC 85) & Renal (HCCs 134-138),HCC85,"HCC134, HCC135, HCC136, HCC137, HCC138",0.411
CMS-HCC-2020,Disease Interactions,,Continuing,,,HCC85_gRenal_v24,Congestive Heart Failure (HCC 85) & Renal (HCCs 134-138),HCC85,"HCC134, HCC135, HCC136, HCC137, HCC138",0.187
CMS-HCC-2020,Disease Interactions,,Continuing,,,HCC85_gRenal_v24,Congestive Heart Failure (HCC 85) & Renal (HCCs 134-138),HCC85,"HCC134, HCC135, HCC136, HCC137, HCC138",0.461
CMS-HCC-2020,Disease Interactions,,Continuing,,,HCC85_gRenal_v24,Congestive Heart Failure (HCC 85) & Renal (HCCs 134-138),HCC85,"HCC134, HCC135, HCC136, HCC137, HCC138",0.186
CMS-HCC-2020,Disease Interactions,,Continuing,,,HCC85_gRenal_v24,Congestive Heart Failure (HCC 85) & Renal (HCCs 134-138),HCC85,"HCC134, HCC135, HCC136, HCC137, HCC138",0.382
CMS-HCC-2020,Disease Interactions,,Continuing,,,HCC85_gRenal_v24,Congestive Heart Failure (HCC 85) & Renal (HCCs 134-138),HCC85,"HCC134, HCC135, HCC136, HCC137, HCC138",0
CMS-HCC-2020,Disease Interactions,,Continuing,,,gCopdCF_CARD_RESP_FAIL,Cardiorespiratory Failure (HCCs 82-84) & Chronic Obstructive Pulmonary Disease (HCCs 110-112),"HCC82, HCC83, HCC84","HCC110, HCC111, HCC112",0.363
CMS-HCC-2020,Disease Interactions,,Continuing,,,gCopdCF_CARD_RESP_FAIL,Cardiorespiratory Failure (HCCs 82-84) & Chronic Obstructive Pulmonary Disease (HCCs 110-112),"HCC82, HCC83, HCC84","HCC110, HCC111, HCC112",0.379
CMS-HCC-2020,Disease Interactions,,Continuing,,,gCopdCF_CARD_RESP_FAIL,Cardiorespiratory Failure (HCCs 82-84) & Chronic Obstructive Pulmonary Disease (HCCs 110-112),"HCC82, HCC83, HCC84","HCC110, HCC111, HCC112",0.528
CMS-HCC-2020,Disease Interactions,,Continuing,,,gCopdCF_CARD_RESP_FAIL,Cardiorespiratory Failure (HCCs 82-84) & Chronic Obstructive Pulmonary Disease (HCCs 110-112),"HCC82, HCC83, HCC84","HCC110, HCC111, HCC112",0.455
CMS-HCC-2020,Disease Interactions,,Continuing,,,gCopdCF_CARD_RESP_FAIL,Cardiorespiratory Failure (HCCs 82-84) & Chronic Obstructive Pulmonary Disease (HCCs 110-112),"HCC82, HCC83, HCC84","HCC110, HCC111, HCC112",0.392
CMS-HCC-2020,Disease Interactions,,Continuing,,,gCopdCF_CARD_RESP_FAIL,Cardiorespiratory Failure (HCCs 82-84) & Chronic Obstructive Pulmonary Disease (HCCs 110-112),"HCC82, HCC83, HCC84","HCC110, HCC111, HCC112",0.479
CMS-HCC-2020,Disease Interactions,,Continuing,,,gCopdCF_CARD_RESP_FAIL,Cardiorespiratory Failure (HCCs 82-84) & Chronic Obstructive Pulmonary Disease (HCCs 110-112),"HCC82, HCC83, HCC84","HCC110, HCC111, HCC112",0.414
CMS-HCC-2020,Disease Interactions,,Continuing,,,HCC85_HCC96,Congestive Heart Failure (HCC 85) & Specified Heart Arrhythmias (HCC 96),HCC85,HCC96,0.085
CMS-HCC-2020,Disease Interactions,,Continuing,,,HCC85_HCC96,Congestive Heart Failure (HCC 85) & Specified Heart Arrhythmias (HCC 96),HCC85,HCC96,0.282
CMS-HCC-2020,Disease Interactions,,Continuing,,,HCC85_HCC96,Congestive Heart Failure (HCC 85) & Specified Heart Arrhythmias (HCC 96),HCC85,HCC96,0.138
CMS-HCC-2020,Disease Interactions,,Continuing,,,HCC85_HCC96,Congestive Heart Failure (HCC 85) & Specified Heart Arrhythmias (HCC 96),HCC85,HCC96,0.361
CMS-HCC-2020,Disease Interactions,,Continuing,,,HCC85_HCC96,Congestive Heart Failure (HCC 85) & Specified Heart Arrhythmias (HCC 96),HCC85,HCC96,0.101
CMS-HCC-2020,Disease Interactions,,Continuing,,,HCC85_HCC96,Congestive Heart Failure (HCC 85) & Specified Heart Arrhythmias (HCC 96),HCC85,HCC96,0.303
CMS-HCC-2020,Disease Interactions,,Continuing,,,HCC85_HCC96,Congestive Heart Failure (HCC 85) & Specified Heart Arrhythmias (HCC 96),HCC85,HCC96,0
CMS-HCC-2020,Disease Interactions,,Continuing,,,gSubstanceUseDisorder_gPsych,Substance Use Disorder (HCCs 54-56) & Psychiatric (HCCs 57-60),"HCC54, HCC55, HCC56","HCC57, HCC58, HCC59, HCC60",0
CMS-HCC-2020,Disease Interactions,,Continuing,,,gSubstanceUseDisorder_gPsych,Substance Use Disorder (HCCs 54-56) & Psychiatric (HCCs 57-60),"HCC54, HCC55, HCC56","HCC57, HCC58, HCC59, HCC60",0.138
CMS-HCC-2020,Disease Interactions,,Continuing,,,gSubstanceUseDisorder_gPsych,Substance Use Disorder (HCCs 54-56) & Psychiatric (HCCs 57-60),"HCC54, HCC55, HCC56","HCC57, HCC58, HCC59, HCC60",0
CMS-HCC-2020,Disease Interactions,,Continuing,,,gSubstanceUseDisorder_gPsych,Substance Use Disorder (HCCs 54-56) & Psychiatric (HCCs 57-60),"HCC54, HCC55, HCC56","HCC57, HCC58, HCC59, HCC60",0.191
CMS-HCC-2020,Disease Interactions,,Continuing,,,gSubstanceUseDisorder_gPsych,Substance Use Disorder (HCCs 54-56) & Psychiatric (HCCs 57-60),"HCC54, HCC55, HCC56","HCC57, HCC58, HCC59, HCC60",0
CMS-HCC-2020,Disease Interactions,,Continuing,,,gSubstanceUseDisorder_gPsych,Substance Use Disorder (HCCs 54-56) & Psychiatric (HCCs 57-60),"HCC54, HCC55, HCC56","HCC57, HCC58, HCC59, HCC60",0.201
CMS-HCC-2020,Disease Interactions,,Continuing,,,gSubstanceUseDisorder_gPsych,Substance Use Disorder (HCCs 54-56) & Psychiatric (HCCs 57-60),"HCC54, HCC55, HCC56","HCC57, HCC58, HCC59, HCC60",0
CMS-HCC-2020,Disease Interactions,,Continuing,,,SEPSIS_PRESSURE_ULCER,Sepsis (HCC 2) & Pressure Ulcer (HCCs 157-159),HCC2,"HCC157, HCC158, HCC159",0
CMS-HCC-2020,Disease Interactions,,Continuing,,,SEPSIS_PRESSURE_ULCER,Sepsis (HCC 2) & Pressure Ulcer (HCCs 157-159),HCC2,"HCC157, HCC158, HCC159",0
CMS-HCC-2020,Disease Interactions,,Continuing,,,SEPSIS_PRESSURE_ULCER,Sepsis (HCC 2) & Pressure Ulcer (HCCs 157-159),HCC2,"HCC157, HCC158, HCC159",0
CMS-HCC-2020,Disease Interactions,,Continuing,,,SEPSIS_PRESSURE_ULCER,Sepsis (HCC 2) & Pressure Ulcer (HCCs 157-159),HCC2,"HCC157, HCC158, HCC159",0
CMS-HCC-2020,Disease Interactions,,Continuing,,,SEPSIS_PRESSURE_ULCER,Sepsis (HCC 2) & Pressure Ulcer (HCCs 157-159),HCC2,"HCC157, HCC158, HCC159",0
CMS-HCC-2020,Disease Interactions,,Continuing,,,SEPSIS_PRESSURE_ULCER,Sepsis (HCC 2) & Pressure Ulcer (HCCs 157-159),HCC2,"HCC157, HCC158, HCC159",0
CMS-HCC-2020,Disease Interactions,,Continuing,,,SEPSIS_PRESSURE_ULCER,Sepsis (HCC 2) & Pressure Ulcer (HCCs 157-159),HCC2,"HCC157, HCC158, HCC159",0.155
CMS-HCC-2020,Disease Interactions,,Continuing,,,SEPSIS_ARTIF_OPENINGS,Sepsis (HCC 2) & Artificial Openings for Feeding or Elimination (HCC 188),HCC2,HCC188,0
CMS-HCC-2020,Disease Interactions,,Continuing,,,SEPSIS_ARTIF_OPENINGS,Sepsis (HCC 2) & Artificial Openings for Feeding or Elimination (HCC 188),HCC2,HCC188,0
CMS-HCC-2020,Disease Interactions,,Continuing,,,SEPSIS_ARTIF_OPENINGS,Sepsis (HCC 2) & Artificial Openings for Feeding or Elimination (HCC 188),HCC2,HCC188,0
CMS-HCC-2020,Disease Interactions,,Continuing,,,SEPSIS_ARTIF_OPENINGS,Sepsis (HCC 2) & Artificial Openings for Feeding or Elimination (HCC 188),HCC2,HCC188,0
CMS-HCC-2020,Disease Interactions,,Continuing,,,SEPSIS_ARTIF_OPENINGS,Sepsis (HCC 2) & Artificial Openings for Feeding or Elimination (HCC 188),HCC2,HCC188,0
CMS-HCC-2020,Disease Interactions,,Continuing,,,SEPSIS_ARTIF_OPENINGS,Sepsis (HCC 2) & Artificial Openings for Feeding or Elimination (HCC 188),HCC2,HCC188,0
CMS-HCC-2020,Disease Interactions,,Continuing,,,SEPSIS_ARTIF_OPENINGS,Sepsis (HCC 2) & Artificial Openings for Feeding or Elimination (HCC 188),HCC2,HCC188,0.474
CMS-HCC-2020,Disease Interactions,,Continuing,,,ART_OPENINGS_PRESSURE_ULCER,Artificial Openings for Feeding or Elimination (HCC 188) & Pressure Ulcer (HCCs 157-159),HCC188,"HCC157, HCC158, HCC159",0
CMS-HCC-2020,Disease Interactions,,Continuing,,,ART_OPENINGS_PRESSURE_ULCER,Artificial Openings for Feeding or Elimination (HCC 188) & Pressure Ulcer (HCCs 157-159),HCC188,"HCC157, HCC158, HCC159",0
CMS-HCC-2020,Disease Interactions,,Continuing,,,ART_OPENINGS_PRESSURE_ULCER,Artificial Openings for Feeding or Elimination (HCC 188) & Pressure Ulcer (HCCs 157-159),HCC188,"HCC157, HCC158, HCC159",0
CMS-HCC-2020,Disease Interactions,,Continuing,,,ART_OPENINGS_PRESSURE_ULCER,Artificial Openings for Feeding or Elimination (HCC 188) & Pressure Ulcer (HCCs 157-159),HCC188,"HCC157, HCC158, HCC159",0
CMS-HCC-2020,Disease Interactions,,Continuing,,,ART_OPENINGS_PRESSURE_ULCER,Artificial Openings for Feeding or Elimination (HCC 188) & Pressure Ulcer (HCCs 157-159),HCC188,"HCC157, HCC158, HCC159",0
CMS-HCC-2020,Disease Interactions,,Continuing,,,ART_OPENINGS_PRESSURE_ULCER,Artificial Openings for Feeding or Elimination (HCC 188) & Pressure Ulcer (HCCs 157-159),HCC188,"HCC157, HCC158, HCC159",0
CMS-HCC-2020,Disease Interactions,,Continuing,,,ART_OPENINGS_PRESSURE_ULCER,Artificial Openings for Feeding or Elimination (HCC 188) & Pressure Ulcer (HCCs 157-159),HCC188,"HCC157, HCC158, HCC159",0.359
CMS-HCC-2020,Disease Interactions,,Continuing,,,gCopdCF_ASP_SPEC_BACT_PNEUM,Chronic Obstructive Pulmonary Disease (HCCs 110-112) & Aspiration and Specified Bacterial Pneumonias (HCC 114),"HCC110, HCC111, HCC112",HCC114,0
CMS-HCC-2020,Disease Interactions,,Continuing,,,gCopdCF_ASP_SPEC_BACT_PNEUM,Chronic Obstructive Pulmonary Disease (HCCs 110-112) & Aspiration and Specified Bacterial Pneumonias (HCC 114),"HCC110, HCC111, HCC112",HCC114,0
CMS-HCC-2020,Disease Interactions,,Continuing,,,gCopdCF_ASP_SPEC_BACT_PNEUM,Chronic Obstructive Pulmonary Disease (HCCs 110-112) & Aspiration and Specified Bacterial Pneumonias (HCC 114),"HCC110, HCC111, HCC112",HCC114,0
CMS-HCC-2020,Disease Interactions,,Continuing,,,gCopdCF_ASP_SPEC_BACT_PNEUM,Chronic Obstructive Pulmonary Disease (HCCs 110-112) & Aspiration and Specified Bacterial Pneumonias (HCC 114),"HCC110, HCC111, HCC112",HCC114,0
CMS-HCC-2020,Disease Interactions,,Continuing,,,gCopdCF_ASP_SPEC_BACT_PNEUM,Chronic Obstructive Pulmonary Disease (HCCs 110-112) & Aspiration and Specified Bacterial Pneumonias (HCC 114),"HCC110, HCC111, HCC112",HCC114,0
CMS-HCC-2020,Disease Interactions,,Continuing,,,gCopdCF_ASP_SPEC_BACT_PNEUM,Chronic Obstructive Pulmonary Disease (HCCs 110-112) & Aspiration and Specified Bacterial Pneumonias (HCC 114),"HCC110, HCC111, HCC112",HCC114,0
CMS-HCC-2020,Disease Interactions,,Continuing,,,gCopdCF_ASP_SPEC_BACT_PNEUM,Chronic Obstructive Pulmonary Disease (HCCs 110-112) & Aspiration and Specified Bacterial Pneumonias (HCC 114),"HCC110, HCC111, HCC112",HCC114,0.216
CMS-HCC-2020,Disease Interactions,,Continuing,,,ASP_SPEC_BACT_PNEUM_PRES_ULC,Aspiration and Specified Bacterial Pneumonias (HCC 114) & Pressure Ulcer (HCCs 157-159),HCC114,"HCC157, HCC158, HCC159",0
CMS-HCC-2020,Disease Interactions,,Continuing,,,ASP_SPEC_BACT_PNEUM_PRES_ULC,Aspiration and Specified Bacterial Pneumonias (HCC 114) & Pressure Ulcer (HCCs 157-159),HCC114,"HCC157, HCC158, HCC159",0
CMS-HCC-2020,Disease Interactions,,Continuing,,,ASP_SPEC_BACT_PNEUM_PRES_ULC,Aspiration and Specified Bacterial Pneumonias (HCC 114) & Pressure Ulcer (HCCs 157-159),HCC114,"HCC157, HCC158, HCC159",0
CMS-HCC-2020,Disease Interactions,,Continuing,,,ASP_SPEC_BACT_PNEUM_PRES_ULC,Aspiration and Specified Bacterial Pneumonias (HCC 114) & Pressure Ulcer (HCCs 157-159),HCC114,"HCC157, HCC158, HCC159",0
CMS-HCC-2020,Disease Interactions,,Continuing,,,ASP_SPEC_BACT_PNEUM_PRES_ULC,Aspiration and Specified Bacterial Pneumonias (HCC 114) & Pressure Ulcer (HCCs 157-159),HCC114,"HCC157, HCC158, HCC159",0
CMS-HCC-2020,Disease Interactions,,Continuing,,,ASP_SPEC_BACT_PNEUM_PRES_ULC,Aspiration and Specified Bacterial Pneumonias (HCC 114) & Pressure Ulcer (HCCs 157-159),HCC114,"HCC157, HCC158, HCC159",0
CMS-HCC-2020,Disease Interactions,,Continuing,,,ASP_SPEC_BACT_PNEUM_PRES_ULC,Aspiration and Specified Bacterial Pneumonias (HCC 114) & Pressure Ulcer (HCCs 157-159),HCC114,"HCC157, HCC158, HCC159",0.472
CMS-HCC-2020,Disease Interactions,,Continuing,,,SEPSIS_ASP_SPEC_BACT_PNEUM,Sepsis (HCC 2) & Aspiration and Specified Bacterial Pneumonias (HCC 114),HCC2,HCC114,0
CMS-HCC-2020,Disease Interactions,,Continuing,,,SEPSIS_ASP_SPEC_BACT_PNEUM,Sepsis (HCC 2) & Aspiration and Specified Bacterial Pneumonias (HCC 114),HCC2,HCC114,0
CMS-HCC-2020,Disease Interactions,,Continuing,,,SEPSIS_ASP_SPEC_BACT_PNEUM,Sepsis (HCC 2) & Aspiration and Specified Bacterial Pneumonias (HCC 114),HCC2,HCC114,0
CMS-HCC-2020,Disease Interactions,,Continuing,,,SEPSIS_ASP_SPEC_BACT_PNEUM,Sepsis (HCC 2) & Aspiration and Specified Bacterial Pneumonias (HCC 114),HCC2,HCC114,0
CMS-HCC-2020,Disease Interactions,,Continuing,,,SEPSIS_ASP_SPEC_BACT_PNEUM,Sepsis (HCC 2) & Aspiration and Specified Bacterial Pneumonias (HCC 114),HCC2,HCC114,0
CMS-HCC-2020,Disease Interactions,,Continuing,,,SEPSIS_ASP_SPEC_BACT_PNEUM,Sepsis (HCC 2) & Aspiration and Specified Bacterial Pneumonias (HCC 114),HCC2,HCC114,0
CMS-HCC-2020,Disease Interactions,,Continuing,,,SEPSIS_ASP_SPEC_BACT_PNEUM,Sepsis (HCC 2) & Aspiration and Specified Bacterial Pneumonias (HCC 114),HCC2,HCC114,0.346
CMS-HCC-2020,Disease Interactions,,Continuing,,,SCHIZOPHRENIA_gCopdCF,Schizophrenia (HCC 57) & Chronic Obstructive Pulmonary Disease (HCCs 110-112),HCC57,"HCC110, HCC111, HCC112",0
CMS-HCC-2020,Disease Interactions,,Continuing,,,SCHIZOPHRENIA_gCopdCF,Schizophrenia (HCC 57) & Chronic Obstructive Pulmonary Disease (HCCs 110-112),HCC57,"HCC110, HCC111, HCC112",0
CMS-HCC-2020,Disease Interactions,,Continuing,,,SCHIZOPHRENIA_gCopdCF,Schizophrenia (HCC 57) & Chronic Obstructive Pulmonary Disease (HCCs 110-112),HCC57,"HCC110, HCC111, HCC112",0
CMS-HCC-2020,Disease Interactions,,Continuing,,,SCHIZOPHRENIA_gCopdCF,Schizophrenia (HCC 57) & Chronic Obstructive Pulmonary Disease (HCCs 110-112),HCC57,"HCC110, HCC111, HCC112",0
CMS-HCC-2020,Disease Interactions,,Continuing,,,SCHIZOPHRENIA_gCopdCF,Schizophrenia (HCC 57) & Chronic Obstructive Pulmonary Disease (HCCs 110-112),HCC57,"HCC110, HCC111, HCC112",0
CMS-HCC-2020,Disease Interactions,,Continuing,,,SCHIZOPHRENIA_gCopdCF,Schizophrenia (HCC 57) & Chronic Obstructive Pulmonary Disease (HCCs 110-112),HCC57,"HCC110, HCC111, HCC112",0
CMS-HCC-2020,Disease Interactions,,Continuing,,,SCHIZOPHRENIA_gCopdCF,Schizophrenia (HCC 57) & Chronic Obstructive Pulmonary Disease (HCCs 110-112),HCC57,"HCC110, HCC111, HCC112",0.417
CMS-HCC-2020,Disease Interactions,,Continuing,,,SCHIZOPHRENIA_CHF,Schizophrenia (HCC 57) & Congestive Heart Failure (HCC 85),HCC57,HCC85,0
CMS-HCC-2020,Disease Interactions,,Continuing,,,SCHIZOPHRENIA_CHF,Schizophrenia (HCC 57) & Congestive Heart Failure (HCC 85),HCC57,HCC85,0
CMS-HCC-2020,Disease Interactions,,Continuing,,,SCHIZOPHRENIA_CHF,Schizophrenia (HCC 57) & Congestive Heart Failure (HCC 85),HCC57,HCC85,0
CMS-HCC-2020,Disease Interactions,,Continuing,,,SCHIZOPHRENIA_CHF,Schizophrenia (HCC 57) & Congestive Heart Failure (HCC 85),HCC57,HCC85,0
CMS-HCC-2020,Disease Interactions,,Continuing,,,SCHIZOPHRENIA_CHF,Schizophrenia (HCC 57) & Congestive Heart Failure (HCC 85),HCC57,HCC85,0
CMS-HCC-2020,Disease Interactions,,Continuing,,,SCHIZOPHRENIA_CHF,Schizophrenia (HCC 57) & Congestive Heart Failure (HCC 85),HCC57,HCC85,0
CMS-HCC-2020,Disease Interactions,,Continuing,,,SCHIZOPHRENIA_CHF,Schizophrenia (HCC 57) & Congestive Heart Failure (HCC 85),HCC57,HCC85,0.127
CMS-HCC-2020,Disease Interactions,,Continuing,,,SCHIZOPHRENIA_SEIZURES,Schizophrenia (HCC 57) & Seizure Disorders and Convulsions (HCC 79),HCC57,HCC79,0
CMS-HCC-2020,Disease Interactions,,Continuing,,,SCHIZOPHRENIA_SEIZURES,Schizophrenia (HCC 57) & Seizure Disorders and Convulsions (HCC 79),HCC57,HCC79,0
CMS-HCC-2020,Disease Interactions,,Continuing,,,SCHIZOPHRENIA_SEIZURES,Schizophrenia (HCC 57) & Seizure Disorders and Convulsions (HCC 79),HCC57,HCC79,0
CMS-HCC-2020,Disease Interactions,,Continuing,,,SCHIZOPHRENIA_SEIZURES,Schizophrenia (HCC 57) & Seizure Disorders and Convulsions (HCC 79),HCC57,HCC79,0
CMS-HCC-2020,Disease Interactions,,Continuing,,,SCHIZOPHRENIA_SEIZURES,Schizophrenia (HCC 57) & Seizure Disorders and Convulsions (HCC 79),HCC57,HCC79,0
CMS-HCC-2020,Disease Interactions,,Continuing,,,SCHIZOPHRENIA_SEIZURES,Schizophrenia (HCC 57) & Seizure Disorders and Convulsions (HCC 79),HCC57,HCC79,0
CMS-HCC-2020,Disease Interactions,,Continuing,,,SCHIZOPHRENIA_SEIZURES,Schizophrenia (HCC 57) & Seizure Disorders and Convulsions (HCC 79),HCC57,HCC79,0.573